,Aroma,Appearance,Flavor,Mouthfeel,Overall
1,0.30489173945741194,0.3499439183642594,0.31696907313576406,0.3415772296653168,0.3172393000808411
2,0.48227847547756353,0.49681349566115923,0.49964650745510797,0.4983844827051963,0.5002533732959613
0,0.7478351053061914,0.7089764436652376,0.759010632155334,0.7257807726859709,0.7637430172725523
